model,imagery_density,compound_imagery_density,narrative_density,lexical_novelty,metaphor_density,surreal_imagery_score,conceptual_distance_score,surrealism_index,semantic_drift_from_base
base,0.024243210946858915,7.584455198750837,0.0486783970701246,0.20597582304566384,0.013161927635164307,0.6734491211577219,0.6734491211577219,1.3843033808974676,
extra_base,0.017199984402371846,7.592673502561824,0.05170641282009381,0.21977451997966388,0.007852514701842561,0.6945676647054182,0.6945676647054182,1.4141878285150506,
extra_lora,0.016524795377402743,2.950634738122849,0.07418760600123568,0.12025186106771267,0.007539370554267007,0.6744112945966048,0.6744112945966048,1.3728867551248791,
human,0.03122650554184265,7.2551344462021605,0.0384172176375197,0.0,0.02507846016227402,0.512572758505645,0.512572758505645,1.0814504827154066,
lora,0.03032963845103381,5.143906570923654,0.047831890138962205,0.1656791820679024,0.01439185606847212,0.6968631910313751,0.6968631910313751,1.438447876582256,0.7770783593785018
