model,imagery_density,compound_imagery_density,narrative_density,lexical_novelty,metaphor_density,surreal_imagery_score,conceptual_distance_score,surrealism_index,semantic_drift_from_base
base,0.017199984402371846,7.592673502561824,0.05170641282009381,0.15841688589986974,0.007852514701842561,0.6945676618099206,0.6945676618099206,1.4141878227240556,
extra_base,0.020991008842132695,11.711022298439048,0.04427958649449755,0.16293835651925298,0.017665459469530416,0.6561807863483754,0.6561807863483754,1.351018041008414,
extra_lora,0.028017641377939675,5.030977489750294,0.05512266743284343,0.06250691113824917,0.013110040646795709,0.6752861639870946,0.6752861639870946,1.3917000099989247,
lora,0.016524795377402743,2.950634738122849,0.07403064989561137,0.03151893342841933,0.007539370554267007,0.6744112976729248,0.6744112976729248,1.3728867612775184,0.7719083920121192
