{
  "mean_meter_score": NaN,
  "mean_semantic_similarity": 0.3523689570526282,
  "mean_perplexity": 6.123267610867818,
  "mean_repetition_index": 0.5974156761715071
}